{"06/26/24": {"15:45": {"Price": 126.44999694824219, "TSI": 1.4017689715450128, "TSI_Signal": -2.1090123062121657}}}}