{"06/20/24": {"10:00": {"Price": 137.48500061035156, "TSI": 59.67026207822912, "TSI_Signal": 61.21746367539248}}}