{"03:00": {"Price": 1.069290041923523, "TSI": 11.04735966989013, "TSI_Signal": -0.3131157243755185, "YBR_High": 1.0686635971069336, "YBR_Low": 1.0682506759961445}}